file	id	name	frames	rate_fixed	rate_hz	loop_start	loop_end	base_freq	encode
snd_1000.pcm	1000	Wall Hit	1840	0x56EE8BA3	22254.5455	1838	1839	60	0x00
snd_1001.pcm	1001	Fade In	8832	0x56EE8BA3	22254.5455	8830	8831	60	0x00
snd_1002.pcm	1002	Fade Out	9952	0x56EE8BA3	22254.5455	9950	9951	60	0x00
snd_1003.pcm	1003	Beeps	9680	0x56EE8BA3	22254.5455	9678	9679	60	0x00
snd_1004.pcm	1004	Buzzer	8032	0x56EE8BA3	22254.5455	8030	8031	60	0x00
snd_1005.pcm	1005	Ding	9728	0x56EE8BA3	22254.5455	9726	9727	60	0x00
snd_1006.pcm	1006	Energize	11904	0x56EE8BA3	22254.5455	11902	11903	60	0x00
snd_1007.pcm	1007	Follow	7296	0x56EE8BA3	22254.5455	7294	7295	60	0x00
snd_1008.pcm	1008	Miked	10880	0x56EE8BA3	22254.5455	10878	10879	60	0x00
snd_1009.pcm	1009	PowerSwitch	1264	0x56EE8BA3	22254.5455	1262	1263	60	0x00
snd_1010.pcm	1010	Bird	5312	0x56EE8BA3	22254.5455	5310	5311	60	0x00
snd_1011.pcm	1011	Cuckoo	5136	0x56EE8BA3	22254.5455	5134	5135	60	0x00
snd_1012.pcm	1012	Tik	612	0x56EE8BA3	22254.5455	610	611	60	0x00
snd_1013.pcm	1013	Tok	452	0x56EE8BA3	22254.5455	450	451	60	0x00
snd_1014.pcm	1014	Blowers On	9376	0x56EE8BA3	22254.5455	9374	9375	60	0x00
snd_1015.pcm	1015	Blowers Off	8128	0x56EE8BA3	22254.5455	8126	8127	60	0x00
snd_1016.pcm	1016	Yow!	7664	0x56EE8BA3	22254.5455	7662	7663	60	0x00
snd_1017.pcm	1017	Score Tick	644	0x56EE8BA3	22254.5455	642	643	60	0x00
snd_1018.pcm	1018	Thrust	5759	0x56EE8BA3	22254.5455	0	5758	60	0x00
snd_1019.pcm	1019	Fizzle	2816	0x56EE8BA3	22254.5455	2814	2815	60	0x00
snd_1020.pcm	1020	Fire Band	590	0x56EE8BA3	22254.5455	588	589	60	0x00
snd_1021.pcm	1021	Band Rebound	1048	0x56EE8BA3	22254.5455	1046	1047	60	0x00
snd_1022.pcm	1022	Grease Spill	4544	0x56EE8BA3	22254.5455	4542	4543	60	0x00
snd_1023.pcm	1023	A Chord	19968	0x56EE8BA3	22254.5455	19966	19967	60	0x00
snd_1024.pcm	1024	VCR	11520	0x56EE8BA3	22254.5455	11518	11519	60	0x00
snd_1025.pcm	1025	Foil Hit	3776	0x56EE8BA3	22254.5455	3774	3775	60	0x00
snd_1026.pcm	1026	Shred	1934	0x56EE8BA3	22254.5455	0	1933	60	0x00
snd_1027.pcm	1027	Toast Launch	1232	0x56EE8BA3	22254.5455	1230	1231	60	0x00
snd_1028.pcm	1028	Toast Land	2096	0x56EE8BA3	22254.5455	2094	2095	60	0x00
snd_1029.pcm	1029	MacClickOn	1332	0x56EE8BA3	22254.5455	1330	1331	60	0x00
snd_1030.pcm	1030	MacOn	12160	0x56EE8BA3	22254.5455	12158	12159	60	0x00
snd_1031.pcm	1031	MacClickOff	1184	0x56EE8BA3	22254.5455	1182	1183	60	0x00
snd_1032.pcm	1032	TVOn	9784	0x56EE8BA3	22254.5455	9782	9783	60	0x00
snd_1033.pcm	1033	TVOff	7648	0x56EE8BA3	22254.5455	7646	7647	60	0x00
snd_1034.pcm	1034	Coffee	8832	0x56EE8BA3	22254.5455	8830	8831	60	0x00
snd_1035.pcm	1035	Mystic	9696	0x56EE8BA3	22254.5455	9694	9695	60	0x00
snd_1036.pcm	1036	Zap	4339	0x56EE8BA3	22254.5455	4337	4338	60	0x00
snd_1037.pcm	1037	Pop!	480	0x56EE8BA3	22254.5455	478	479	60	0x00
snd_1038.pcm	1038	Enemy In	6480	0x56EE8BA3	22254.5455	6478	6479	60	0x00
snd_1039.pcm	1039	Enemy Out	4880	0x56EE8BA3	22254.5455	4878	4879	60	0x00
snd_1040.pcm	1040	Paper Crunch	6928	0x56EE8BA3	22254.5455	6926	6927	60	0x00
snd_1041.pcm	1041	Bounce	2976	0x56EE8BA3	22254.5455	2974	2975	60	0x00
snd_1042.pcm	1042	Drip	1008	0x56EE8BA3	22254.5455	1006	1007	60	0x00
snd_1043.pcm	1043	Drop	1376	0x56EE8BA3	22254.5455	1374	1375	60	0x00
snd_1044.pcm	1044	Fish Leap	6688	0x56EE8BA3	22254.5455	6686	6687	60	0x00
snd_1045.pcm	1045	Fish Land	3760	0x56EE8BA3	22254.5455	3758	3759	60	0x00
snd_1046.pcm	1046	Dont Exit	2368	0x56EE8BA3	22254.5455	2366	2367	60	0x00
snd_1047.pcm	1047	Sizzle	2240	0x56EE8BA3	22254.5455	0	2239	60	0x00
snd_1048.pcm	1048	Paper1	4432	0x56EE8BA3	22254.5455	4430	4431	60	0x00
snd_1049.pcm	1049	Paper2	4096	0x56EE8BA3	22254.5455	4094	4095	60	0x00
snd_1050.pcm	1050	Paper3	1648	0x56EE8BA3	22254.5455	1646	1647	60	0x00
snd_1051.pcm	1051	Paper4	1584	0x56EE8BA3	22254.5455	1582	1583	60	0x00
snd_1052.pcm	1052	Keystroke	2524	0x56EE8BA3	22254.5455	2522	2523	60	0x00
snd_1053.pcm	1053	Carriage Return	5248	0x56EE8BA3	22254.5455	5246	5247	60	0x00
snd_1054.pcm	1054	Check	5056	0x56EE8BA3	22254.5455	5054	5055	60	0x00
snd_1055.pcm	1055	Phone	11008	0x56EE8BA3	22254.5455	11006	11007	60	0x00
snd_1056.pcm	1056	Ding 1	7872	0x56EE8BA3	22254.5455	7870	7871	60	0x00
snd_1057.pcm	1057	Ding 2	9504	0x56EE8BA3	22254.5455	9502	9503	60	0x00
snd_1058.pcm	1058	Twunk	2272	0x56EE8BA3	22254.5455	2270	2271	60	0x00
snd_1059.pcm	1059	TransOut	9952	0x56EE8BA3	22254.5455	9950	9951	60	0x00
snd_1060.pcm	1060	TransIn	9984	0x56EE8BA3	22254.5455	9982	9983	60	0x00
snd_1061.pcm	1061	Bonus	5388	0x56EE8BA3	22254.5455	5386	5387	60	0x00
snd_1062.pcm	1062	Hiss	2960	0x56EE8BA3	22254.5455	0	2959	60	0x00
snd_2000.pcm	2000	Refrain1.22	97034	0x56EE8BA3	22254.5455	0	97034	60	0x00
snd_2001.pcm	2001	Refrain2.22	97102	0x56EE8BA3	22254.5455	0	97102	60	0x00
snd_2002.pcm	2002	Refrain3.22	97032	0x56EE8BA3	22254.5455	0	97032	60	0x00
snd_2003.pcm	2003	Refrain4.22	97284	0x56EE8BA3	22254.5455	0	97284	60	0x00
snd_2004.pcm	2004	Chorus.22	194028	0x56EE8BA3	22254.5455	0	194028	60	0x00
snd_2005.pcm	2005	RefrainSparse1.22	96888	0x56EE8BA3	22254.5455	0	96888	60	0x00
snd_2006.pcm	2006	RefrainSparse2.22	97334	0x56EE8BA3	22254.5455	0	97334	60	0x00
